windspeed_ms,power_kw
3,0
4,531.6666667
5,902.9166667
6,1651.833333
7,2777.5
8,4279.916667
9,6160
10,8416.833333
11,11000
12,11000
13,11000
14,11000
15,11000
16,11000
17,11000
18,11000
19,11000
20,11000
21,11000
22,11000
23,11000
24,11000
25,11000
