Percentage,Average
-10,88.06557024
-5,90.30974519
0,91.94762505
