Percentage,Average
-10,-16.66308293
-5,-14.32106863
0,-11.7543632
5,-5.725334316
10,-2.974426689
15,-1.624558515
20,3.019741456
