Percentage,Average
-10,76.62631604
-5,78.77974257
0,81.13976725
5,86.68331612
10,89.21271036
15,90.45388208
20,94.72420561
